id;nome;cidade;estado;telefone;comissao;data
1;calculating;Coordinator Security;Direct;deposit Michigan Regional;92776;2020-06-15T18:03:48
2;hardware;Configurable synthesize;Camp Borders redundant;integrate Factors;65221;2020-06-16T12:24:23
3;wireless Berkshire;Paradigm facilitate;Licensed;Future-proofed mobile;51731;2020-06-16T05:31:46
4;Up-sized Bike;programming function Legacy;primary Toys Andorra;Borders Secured;80920;2020-06-16T12:35:33
5;Intelligent Rubber Bacon olive;Alaska;transform synthesize;real-time;71071;2020-06-15T14:50:41
6;Organic indigo withdrawal;Rustic Wooden Fish Pizza capacitor;PNG Intelligent reboot;Refined Cotton Chips Clothing;53140;2020-06-15T21:02:59
7;Morocco Automotive PNG;copying;Fantastic Mouse override;Administrator Borders JSON;37585;2020-06-16T04:57:48
8;Valleys Plastic Pants;Health process improvement;model;Self-enabling Soap Small;47153;2020-06-15T19:31:02
9;override Visionary;compressing District;Producer Berkshire Home Loan Account;Fully-configurable innovative;16358;2020-06-16T05:18:38
10;Gorgeous Metal Bacon fuchsia;Steel Principal;Sports systems Dynamic;human-resource Euro Buckinghamshire;74582;2020-06-16T01:26:52
